id,atwood,viscosity,resolution,growth_rate,amplitude_0,r_squared,std_error,time_range,n_points,method,all_methods,growth_rate_theory,relative_error
input_A0.3_nu4.64e-05_res256_output.npz,0.3,4.64e-05,256,103.69157238907134,0.0001665622958932126,0.9921364902397748,3.2637807025486887,"[np.float64(0.006), np.float64(0.015)]",10,linear,"{'linear': {'growth_rate': np.float64(103.69157238907134), 'amplitude_0': np.float64(0.0001665622958932126), 'r_squared': np.float64(0.9921364902397748), 'std_error': np.float64(3.2637807025486887), 'time_range': [np.float64(0.006), np.float64(0.015)], 'n_points': 10, 'method': 'linear', 'all_methods': {...}}, 'exponential': {'growth_rate': np.float64(18.20966546792245), 'amplitude_0': np.float64(0.0008890702723348185), 'r_squared': np.float64(0.9519257805068803), 'std_error': np.float64(0.5031782782894846), 'time_range': [np.float64(0.005), np.float64(0.099)]}, 'dmd': {'growth_rate': np.float64(10.283899957931968), 'all_growth_rates': [10.283899957931968, -27.91649145777854, -36.443713244622046, -36.443713244622046, -1063.065221568021], 'mode_amplitudes': [0.004401313845850493, 0.0037130132423846716, 1.4916285381727344e-06, 1.4916285381727022e-06, 3.805232176002282e-06], 'r_squared': np.float64(0.7109896501342687), 'n_modes': 5}, 'fourier': {'growth_rate': np.float64(16.466665930503996), 'dominant_frequency': np.float64(240.0), 'r_squared': np.float64(0.682873496045384), 'std_error': np.float64(1.1335450331974783)}}",43.001644572073666,1.4113396922593797
input_A0.5_nu4.64e-06_res256_output.npz,0.5,4.64e-06,256,26.69812917864877,0.00040424297492687477,0.9928808974244044,0.7992817268272762,"[np.float64(0.037), np.float64(0.046)]",10,linear,"{'linear': {'growth_rate': np.float64(26.69812917864877), 'amplitude_0': np.float64(0.00040424297492687477), 'r_squared': np.float64(0.9928808974244044), 'std_error': np.float64(0.7992817268272762), 'time_range': [np.float64(0.037), np.float64(0.046)], 'n_points': 10, 'method': 'linear', 'all_methods': {...}}, 'exponential': {'growth_rate': np.float64(18.150667248717706), 'amplitude_0': np.float64(0.0005357287471624714), 'r_squared': np.float64(0.9489421135927092), 'std_error': np.float64(0.5181259149423416), 'time_range': [np.float64(0.005), np.float64(0.099)]}, 'dmd': {'growth_rate': np.float64(10.446596691006443), 'all_growth_rates': [-138.6852531535966, -138.6852531535966, 10.446596691006443, -40.14525032362588, -617.7598391363641], 'mode_amplitudes': [1.6463737558418106e-05, 1.646373755841805e-05, 0.002753706304626097, 0.002560854329644157, 0.00021894327911505237], 'r_squared': np.float64(0.844492119442023), 'n_modes': 5}, 'fourier': {'growth_rate': np.float64(16.602143636062873), 'dominant_frequency': np.float64(300.0), 'r_squared': np.float64(0.6836480529606228), 'std_error': np.float64(1.1408277964774178)}}",55.51488442905728,0.5190816039117144
input_A0.5_nu1.00e-04_res256_output.npz,0.5,0.0001,256,75.27408121031429,0.000392566790432731,0.9886666025704435,2.849414284131985,"[np.float64(0.009000000000000001), np.float64(0.018000000000000002)]",10,linear,"{'linear': {'growth_rate': np.float64(75.27408121031429), 'amplitude_0': np.float64(0.000392566790432731), 'r_squared': np.float64(0.9886666025704435), 'std_error': np.float64(2.849414284131985), 'time_range': [np.float64(0.009000000000000001), np.float64(0.018000000000000002)], 'n_points': 10, 'method': 'linear', 'all_methods': {...}}, 'exponential': {'growth_rate': np.float64(18.095036422146705), 'amplitude_0': np.float64(0.0014889322490428153), 'r_squared': np.float64(0.9499318645510891), 'std_error': np.float64(0.5106627189807859), 'time_range': [np.float64(0.005), np.float64(0.099)]}, 'dmd': {'growth_rate': np.float64(9.450099905947935), 'all_growth_rates': [9.450099905947935, -32.12807458407038, -176.61758513552562, -827.2867500349214, -827.2867500349214], 'mode_amplitudes': [0.007075764602648349, 0.005935746613228891, 5.074970498692184e-05, 0.0005462376104085856, 0.0005462376104085853], 'r_squared': np.float64(0.5769562681531117), 'n_modes': 5}, 'fourier': {'growth_rate': np.float64(16.46697183568232), 'dominant_frequency': np.float64(460.0), 'r_squared': np.float64(0.6845412707243508), 'std_error': np.float64(1.1292033588332997)}}",55.51488442905728,0.35592610854675155
input_A0.5_nu2.15e-04_res256_output.npz,0.5,0.000215,256,79.40429884689026,0.00047480833489110314,0.9928605566402317,2.3806035070360503,"[np.float64(0.009000000000000001), np.float64(0.018000000000000002)]",10,linear,"{'linear': {'growth_rate': np.float64(79.40429884689026), 'amplitude_0': np.float64(0.00047480833489110314), 'r_squared': np.float64(0.9928605566402317), 'std_error': np.float64(2.3806035070360503), 'time_range': [np.float64(0.009000000000000001), np.float64(0.018000000000000002)], 'n_points': 10, 'method': 'linear', 'all_methods': {...}}, 'exponential': {'growth_rate': np.float64(18.173517239950044), 'amplitude_0': np.float64(0.0019189804865472658), 'r_squared': np.float64(0.9513648542109315), 'std_error': np.float64(0.504964836459997), 'time_range': [np.float64(0.005), np.float64(0.099)]}, 'dmd': {'growth_rate': np.float64(10.283509769229624), 'all_growth_rates': [10.283509769229624, -30.38643512596278, -15.66687633898835, -44.47143066702425, -44.47143066702425], 'mode_amplitudes': [0.009109644760781958, 0.00761444330294153, 1.159038933854408e-06, 3.4276210286561074e-07, 3.427621028657169e-07], 'r_squared': np.float64(0.664064336661151), 'n_modes': 5}, 'fourier': {'growth_rate': np.float64(16.426147810471505), 'dominant_frequency': np.float64(490.0), 'r_squared': np.float64(0.6811682816275876), 'std_error': np.float64(1.1352100834948582)}}",55.51488442905728,0.43032449159398617
input_A0.3_nu4.64e-04_res256_output.npz,0.3,0.000464,256,72.75318070993866,0.00052310675393341,0.9931223529076757,2.140550887451158,"[np.float64(0.01), np.float64(0.019)]",10,linear,"{'linear': {'growth_rate': np.float64(72.75318070993866), 'amplitude_0': np.float64(0.00052310675393341), 'r_squared': np.float64(0.9931223529076757), 'std_error': np.float64(2.140550887451158), 'time_range': [np.float64(0.01), np.float64(0.019)], 'n_points': 10, 'method': 'linear', 'all_methods': {...}}, 'exponential': {'growth_rate': np.float64(18.122974517706286), 'amplitude_0': np.float64(0.0019312480414581683), 'r_squared': np.float64(0.9505657171176146), 'std_error': np.float64(0.5080262784641205), 'time_range': [np.float64(0.005), np.float64(0.099)]}, 'dmd': {'growth_rate': np.float64(4.792222585658171), 'all_growth_rates': [4.792222585658171, -23.33000993573264, -147.40395036854085, -147.40395036854085, -1050.9075436087203], 'mode_amplitudes': [0.013275795196863331, 0.011812288293833224, 1.3344228674809184e-05, 1.334422867480884e-05, 6.523032939583732e-05], 'r_squared': np.float64(0.4868675763450586), 'n_modes': 5}, 'fourier': {'growth_rate': np.float64(16.497088545005322), 'dominant_frequency': np.float64(20.0), 'r_squared': np.float64(0.6847368890073607), 'std_error': np.float64(1.1307562145915924)}}",43.001644572073666,0.6918697280984082
input_A0.3_nu1.00e-03_res256_output.npz,0.3,0.001,256,53.46466466036704,0.0009377344004187904,0.9958800989753094,1.2157988218429072,"[np.float64(0.015), np.float64(0.024)]",10,linear,"{'linear': {'growth_rate': np.float64(53.46466466036704), 'amplitude_0': np.float64(0.0009377344004187904), 'r_squared': np.float64(0.9958800989753094), 'std_error': np.float64(1.2157988218429072), 'time_range': [np.float64(0.015), np.float64(0.024)], 'n_points': 10, 'method': 'linear', 'all_methods': {...}}, 'exponential': {'growth_rate': np.float64(17.961640080751305), 'amplitude_0': np.float64(0.002520111905242251), 'r_squared': np.float64(0.9459714547370267), 'std_error': np.float64(0.5278514668471962), 'time_range': [np.float64(0.005), np.float64(0.099)]}, 'dmd': {'growth_rate': np.float64(9.338457809216616), 'all_growth_rates': [-83.00726363503902, -83.00726363503902, 9.338457809216616, -39.02892423607656, -539.3259961341136], 'mode_amplitudes': [2.848331370498191e-05, 2.8483313704977558e-05, 0.010366116790157165, 0.008472027939608353, 2.6887049497069626e-05], 'r_squared': np.float64(0.3331742047016222), 'n_modes': 5}, 'fourier': {'growth_rate': np.float64(16.563119272360204), 'dominant_frequency': np.float64(340.0), 'r_squared': np.float64(0.6898943303663376), 'std_error': np.float64(1.1217411625800606)}}",43.001644572073666,0.24331674270635503
input_A0.5_nu1.00e-05_res256_output.npz,0.5,1e-05,256,84.61111665601035,0.00016082329910736294,0.9898079801963298,3.0355478780731264,"[np.float64(0.008), np.float64(0.017)]",10,linear,"{'linear': {'growth_rate': np.float64(84.61111665601035), 'amplitude_0': np.float64(0.00016082329910736294), 'r_squared': np.float64(0.9898079801963298), 'std_error': np.float64(3.0355478780731264), 'time_range': [np.float64(0.008), np.float64(0.017)], 'n_points': 10, 'method': 'linear', 'all_methods': {...}}, 'exponential': {'growth_rate': np.float64(18.08133231853443), 'amplitude_0': np.float64(0.0006948906307663597), 'r_squared': np.float64(0.9475617037825258), 'std_error': np.float64(0.5231203109677794), 'time_range': [np.float64(0.005), np.float64(0.099)]}, 'dmd': {'growth_rate': np.float64(12.151761436496452), 'all_growth_rates': [12.151761436496452, -40.32247314208171, -155.12428936033248, -155.12428936033248, -234.01425654243525], 'mode_amplitudes': [0.0026930232897879624, 0.0021860902900961163, 1.7013220131648168e-05, 1.7013220131648158e-05, 8.397634487684575e-06], 'r_squared': np.float64(0.5996685179725907), 'n_modes': 5}, 'fourier': {'growth_rate': np.float64(16.53385926288093), 'dominant_frequency': np.float64(360.0), 'r_squared': np.float64(0.6856241203122396), 'std_error': np.float64(1.1309483301802554)}}",55.51488442905728,0.5241158749800745
input_A0.3_nu2.15e-06_res256_output.npz,0.3,2.15e-06,256,58.090529656084264,0.00010916276294868772,0.9860201072424715,2.445509628518436,"[np.float64(0.013000000000000001), np.float64(0.022)]",10,linear,"{'linear': {'growth_rate': np.float64(58.090529656084264), 'amplitude_0': np.float64(0.00010916276294868772), 'r_squared': np.float64(0.9860201072424715), 'std_error': np.float64(2.445509628518436), 'time_range': [np.float64(0.013000000000000001), np.float64(0.022)], 'n_points': 10, 'method': 'linear', 'all_methods': {...}}, 'exponential': {'growth_rate': np.float64(18.500488003235333), 'amplitude_0': np.float64(0.0003114408226026537), 'r_squared': np.float64(0.933280468851769), 'std_error': np.float64(0.6155283317074346), 'time_range': [np.float64(0.005), np.float64(0.099)]}, 'dmd': {'growth_rate': np.float64(14.03538519229215), 'all_growth_rates': [-271.06689467538155, -271.06689467538155, 14.03538519229215, -176.82359894018904, -176.82359894018904], 'mode_amplitudes': [9.260882133556882e-07, 9.260882133556692e-07, 0.00010597486375425275, 1.0091391982922299e-05, 1.0091391982922248e-05], 'r_squared': np.float64(-2.649585802101769), 'n_modes': 5}, 'fourier': {'growth_rate': np.float64(17.214122316959855), 'dominant_frequency': np.float64(70.0), 'r_squared': np.float64(0.6127497974794661), 'std_error': np.float64(1.3823756819342228)}}",43.001644572073666,0.35089088415492126
input_A0.5_nu2.15e-05_res256_output.npz,0.5,2.15e-05,256,64.4499804327741,0.0002753740338878268,0.9923176795649316,2.004927352506006,"[np.float64(0.011), np.float64(0.02)]",10,linear,"{'linear': {'growth_rate': np.float64(64.4499804327741), 'amplitude_0': np.float64(0.0002753740338878268), 'r_squared': np.float64(0.9923176795649316), 'std_error': np.float64(2.004927352506006), 'time_range': [np.float64(0.011), np.float64(0.02)], 'n_points': 10, 'method': 'linear', 'all_methods': {...}}, 'exponential': {'growth_rate': np.float64(18.157973060808153), 'amplitude_0': np.float64(0.0008918428607147742), 'r_squared': np.float64(0.9492596629974328), 'std_error': np.float64(0.516617163767399), 'time_range': [np.float64(0.005), np.float64(0.099)]}, 'dmd': {'growth_rate': np.float64(9.42245600752052), 'all_growth_rates': [9.42245600752052, -22.391675313787395, -222.2210281223522, -253.91944705476155, -253.91944705476155], 'mode_amplitudes': [0.005269823908355291, 0.004584023746017402, 1.4476768363358536e-05, 2.837443330028421e-06, 2.837443330028214e-06], 'r_squared': np.float64(0.830681030408103), 'n_modes': 5}, 'fourier': {'growth_rate': np.float64(16.512634867126867), 'dominant_frequency': np.float64(440.0), 'r_squared': np.float64(0.6835479997996369), 'std_error': np.float64(1.1349396116714805)}}",55.51488442905728,0.16094955606248293
input_A0.3_nu1.00e-06_res256_output.npz,0.3,1e-06,256,56.07951616180178,2.7989615072848193e-05,0.981565387965697,2.71716897818394,"[np.float64(0.005), np.float64(0.014)]",10,linear,"{'linear': {'growth_rate': np.float64(56.07951616180178), 'amplitude_0': np.float64(2.7989615072848193e-05), 'r_squared': np.float64(0.981565387965697), 'std_error': np.float64(2.71716897818394), 'time_range': [np.float64(0.005), np.float64(0.014)], 'n_points': 10, 'method': 'linear', 'all_methods': {...}}, 'exponential': {'growth_rate': np.float64(20.022223341757044), 'amplitude_0': np.float64(0.00021118652610616935), 'r_squared': np.float64(0.8971448762383274), 'std_error': np.float64(0.8715897760335369), 'time_range': [np.float64(0.005), np.float64(0.099)]}, 'dmd': {'growth_rate': np.float64(12.662253248072574), 'all_growth_rates': [12.662253248072574, -142.4273575576672, -180.39216104753862, -180.39216104753862, -1465.75491764608], 'mode_amplitudes': [0.0001629404622855187, 5.9987676186602737e-05, 2.7658248282729417e-06, 2.7658248282729438e-06, 3.378503051937048e-07], 'r_squared': np.float64(-1.6662613354793248), 'n_modes': 5}, 'fourier': {'growth_rate': np.float64(18.294399071413835), 'dominant_frequency': np.float64(30.0), 'r_squared': np.float64(0.5087275116645406), 'std_error': np.float64(1.8160329342619734)}}",43.001644572073666,0.3041249170786646
input_A0.5_nu1.00e-03_res256_output.npz,0.5,0.001,256,62.58452801126391,0.0010161799696746167,0.9953478620121124,1.512727972862149,"[np.float64(0.013000000000000001), np.float64(0.022)]",10,linear,"{'linear': {'growth_rate': np.float64(62.58452801126391), 'amplitude_0': np.float64(0.0010161799696746167), 'r_squared': np.float64(0.9953478620121124), 'std_error': np.float64(1.512727972862149), 'time_range': [np.float64(0.013000000000000001), np.float64(0.022)], 'n_points': 10, 'method': 'linear', 'all_methods': {...}}, 'exponential': {'growth_rate': np.float64(18.04109548339827), 'amplitude_0': np.float64(0.003215041201393366), 'r_squared': np.float64(0.9493302721823001), 'std_error': np.float64(0.5120810214448261), 'time_range': [np.float64(0.005), np.float64(0.099)]}, 'dmd': {'growth_rate': np.float64(11.733408066480065), 'all_growth_rates': [-447.35814806752876, 11.733408066480065, -35.296483666147765, -86.05185374850099, -86.05185374850099], 'mode_amplitudes': [6.575301714788876e-05, 0.013416968873286608, 0.010988954660664829, 5.432848119747659e-05, 5.4328481197475e-05], 'r_squared': np.float64(0.6624972095422971), 'n_modes': 5}, 'fourier': {'growth_rate': np.float64(16.455034706944062), 'dominant_frequency': np.float64(150.0), 'r_squared': np.float64(0.684602750855882), 'std_error': np.float64(1.1282241596932032)}}",55.51488442905728,0.12734681256953637
input_A0.5_nu4.64e-04_res256_output.npz,0.5,0.000464,256,54.08010959285142,0.0009206927447092464,0.995332572390348,1.3093243860822783,"[np.float64(0.014), np.float64(0.023)]",10,linear,"{'linear': {'growth_rate': np.float64(54.08010959285142), 'amplitude_0': np.float64(0.0009206927447092464), 'r_squared': np.float64(0.995332572390348), 'std_error': np.float64(1.3093243860822783), 'time_range': [np.float64(0.014), np.float64(0.023)], 'n_points': 10, 'method': 'linear', 'all_methods': {...}}, 'exponential': {'growth_rate': np.float64(17.90290248297618), 'amplitude_0': np.float64(0.0025138127432405536), 'r_squared': np.float64(0.947165213232912), 'std_error': np.float64(0.519198494885349), 'time_range': [np.float64(0.005), np.float64(0.099)]}, 'dmd': {'growth_rate': np.float64(12.721693221807726), 'all_growth_rates': [12.721693221807726, -32.1510104738481, -1684.922390656326, nan, nan], 'mode_amplitudes': [0.010797522415487742, 0.008862619401992438, 0.00012012119079335068, 0.00025534253147395066, 0.00015477031701425532], 'r_squared': np.float64(0.8201155314784756), 'n_modes': 5}, 'fourier': {'growth_rate': np.float64(16.446574446531876), 'dominant_frequency': np.float64(80.0), 'r_squared': np.float64(0.6863345190392832), 'std_error': np.float64(1.1231243931849986)}}",55.51488442905728,0.025844867569514013
input_A0.5_nu1.00e-06_res256_output.npz,0.5,1e-06,256,125.38934777320252,2.1130894488945345e-05,0.9890935570654296,4.655201982045892,"[np.float64(0.0), np.float64(0.009000000000000001)]",10,linear,"{'linear': {'growth_rate': np.float64(125.38934777320252), 'amplitude_0': np.float64(2.1130894488945345e-05), 'r_squared': np.float64(0.9890935570654296), 'std_error': np.float64(4.655201982045892), 'time_range': [np.float64(0.0), np.float64(0.009000000000000001)], 'n_points': 10, 'method': 'linear', 'all_methods': {...}}, 'exponential': {'growth_rate': np.float64(20.08673405447249), 'amplitude_0': np.float64(0.0002732024544778614), 'r_squared': np.float64(0.9004986507438579), 'std_error': np.float64(0.8587177978396762), 'time_range': [np.float64(0.005), np.float64(0.099)]}, 'dmd': {'growth_rate': np.float64(14.857878753667036), 'all_growth_rates': [14.857878753667036, -220.05602463221712, -220.05602463221712, -352.89754556658943, -352.89754556658943], 'mode_amplitudes': [0.00019635630209886772, 6.596497959804911e-06, 6.5964979598049364e-06, 0.00011130734302240464, 0.00011130734302240465], 'r_squared': np.float64(-1.6056895335137011), 'n_modes': 5}, 'fourier': {'growth_rate': np.float64(18.330590061946076), 'dominant_frequency': np.float64(30.0), 'r_squared': np.float64(0.5200523761454123), 'std_error': np.float64(1.7788395946666349)}}",55.51488442905728,1.2586617816603423
input_A0.3_nu2.15e-05_res256_output.npz,0.3,2.15e-05,256,54.11390854143689,0.0002540502405969656,0.9962944403175849,1.1668014567005127,"[np.float64(0.015), np.float64(0.024)]",10,linear,"{'linear': {'growth_rate': np.float64(54.11390854143689), 'amplitude_0': np.float64(0.0002540502405969656), 'r_squared': np.float64(0.9962944403175849), 'std_error': np.float64(1.1668014567005127), 'time_range': [np.float64(0.015), np.float64(0.024)], 'n_points': 10, 'method': 'linear', 'all_methods': {...}}, 'exponential': {'growth_rate': np.float64(18.09655478202957), 'amplitude_0': np.float64(0.0006941192782797483), 'r_squared': np.float64(0.9482598150763563), 'std_error': np.float64(0.5201255921304672), 'time_range': [np.float64(0.005), np.float64(0.099)]}, 'dmd': {'growth_rate': np.float64(9.293601048889744), 'all_growth_rates': [-111.2030578955846, 9.293601048889744, -26.715976781643445, -334.7670160735945, -334.7670160735945], 'mode_amplitudes': [7.282247017147349e-06, 0.003689812375886541, 0.0031568227970670826, 1.0753464286985302e-05, 1.0753464286985238e-05], 'r_squared': np.float64(0.7076046286647977), 'n_modes': 5}, 'fourier': {'growth_rate': np.float64(16.544732830109833), 'dominant_frequency': np.float64(180.0), 'r_squared': np.float64(0.6860414348954923), 'std_error': np.float64(1.1305967040005271)}}",43.001644572073666,0.2584148601744364
input_A0.5_nu2.15e-06_res256_output.npz,0.5,2.15e-06,256,53.22257932524514,0.00015521666398400744,0.9858951507774277,2.250711257600174,"[np.float64(0.014), np.float64(0.023)]",10,linear,"{'linear': {'growth_rate': np.float64(53.22257932524514), 'amplitude_0': np.float64(0.00015521666398400744), 'r_squared': np.float64(0.9858951507774277), 'std_error': np.float64(2.250711257600174), 'time_range': [np.float64(0.014), np.float64(0.023)], 'n_points': 10, 'method': 'linear', 'all_methods': {...}}, 'exponential': {'growth_rate': np.float64(18.462519626178583), 'amplitude_0': np.float64(0.0004022252675812457), 'r_squared': np.float64(0.9338276425780031), 'std_error': np.float64(0.610771994440274), 'time_range': [np.float64(0.005), np.float64(0.099)]}, 'dmd': {'growth_rate': np.float64(14.387410059876862), 'all_growth_rates': [-189.2925339702564, -611.606573829592, -611.606573829592, 14.387410059876862, -132.90961106393758], 'mode_amplitudes': [4.3613932559275573e-08, 6.503667498907539e-07, 6.503667498907443e-07, 0.00014844639732465272, 4.672888561871491e-05], 'r_squared': np.float64(-2.6136368297281485), 'n_modes': 5}, 'fourier': {'growth_rate': np.float64(17.164312995264634), 'dominant_frequency': np.float64(10.0), 'r_squared': np.float64(0.6089276880250026), 'std_error': np.float64(1.389501631413927)}}",55.51488442905728,0.04129172072296191
input_A0.3_nu1.00e-05_res256_output.npz,0.3,1e-05,256,65.87831612448132,0.00016360606163156422,0.9934446392195599,1.8920123214643285,"[np.float64(0.011), np.float64(0.02)]",10,linear,"{'linear': {'growth_rate': np.float64(65.87831612448132), 'amplitude_0': np.float64(0.00016360606163156422), 'r_squared': np.float64(0.9934446392195599), 'std_error': np.float64(1.8920123214643285), 'time_range': [np.float64(0.011), np.float64(0.02)], 'n_points': 10, 'method': 'linear', 'all_methods': {...}}, 'exponential': {'growth_rate': np.float64(18.04465745192858), 'amplitude_0': np.float64(0.0005375083912414973), 'r_squared': np.float64(0.9492346348891002), 'std_error': np.float64(0.5127653863025293), 'time_range': [np.float64(0.005), np.float64(0.099)]}, 'dmd': {'growth_rate': np.float64(10.254730631463469), 'all_growth_rates': [10.254730631463469, -29.227923065961694, -412.9984689120883, -135.30566274931613, -135.30566274931613], 'mode_amplitudes': [0.0026718787113590046, 0.002271374378056471, 1.6769021396492733e-05, 1.3054352785157733e-05, 1.3054352785157696e-05], 'r_squared': np.float64(0.7404917514109449), 'n_modes': 5}, 'fourier': {'growth_rate': np.float64(16.484013685692126), 'dominant_frequency': np.float64(210.0), 'r_squared': np.float64(0.6875452413203085), 'std_error': np.float64(1.1225168269813335)}}",43.001644572073666,0.5319952708800427
input_A0.3_nu4.64e-06_res256_output.npz,0.3,4.64e-06,256,70.28069934120057,0.00011756680519457136,0.9915812320116055,2.2895556413336653,"[np.float64(0.01), np.float64(0.019)]",10,linear,"{'linear': {'growth_rate': np.float64(70.28069934120057), 'amplitude_0': np.float64(0.00011756680519457136), 'r_squared': np.float64(0.9915812320116055), 'std_error': np.float64(2.2895556413336653), 'time_range': [np.float64(0.01), np.float64(0.019)], 'n_points': 10, 'method': 'linear', 'all_methods': {...}}, 'exponential': {'growth_rate': np.float64(18.180442739487425), 'amplitude_0': np.float64(0.0004125666793953457), 'r_squared': np.float64(0.9481699846268669), 'std_error': np.float64(0.5236374490247134), 'time_range': [np.float64(0.005), np.float64(0.099)]}, 'dmd': {'growth_rate': np.float64(11.859417954823003), 'all_growth_rates': [11.859417954823003, -34.236569177066436, -81.97703797109001, -81.97703797109001, -78.36606422734508], 'mode_amplitudes': [0.0019203552410132438, 0.0016869763164738436, 7.016465445891205e-05, 7.016465445891217e-05, 2.3875034306072832e-05], 'r_squared': np.float64(0.8261492142727851), 'n_modes': 5}, 'fourier': {'growth_rate': np.float64(16.628895989334463), 'dominant_frequency': np.float64(120.0), 'r_squared': np.float64(0.6840607502264174), 'std_error': np.float64(1.1415760114364153)}}",43.001644572073666,0.6343723604199688
input_A0.5_nu4.64e-05_res256_output.npz,0.5,4.64e-05,256,59.45532147759515,0.0003906380294133554,0.9945573930144481,1.5550139898278021,"[np.float64(0.013000000000000001), np.float64(0.022)]",10,linear,"{'linear': {'growth_rate': np.float64(59.45532147759515), 'amplitude_0': np.float64(0.0003906380294133554), 'r_squared': np.float64(0.9945573930144481), 'std_error': np.float64(1.5550139898278021), 'time_range': [np.float64(0.013000000000000001), np.float64(0.022)], 'n_points': 10, 'method': 'linear', 'all_methods': {...}}, 'exponential': {'growth_rate': np.float64(18.058376628472026), 'amplitude_0': np.float64(0.0011627848650462137), 'r_squared': np.float64(0.948880811264527), 'std_error': np.float64(0.5153102131953213), 'time_range': [np.float64(0.005), np.float64(0.099)]}, 'dmd': {'growth_rate': np.float64(11.356825166501526), 'all_growth_rates': [11.356825166501526, -31.5625135456125, -84.07775846033488, -84.07775846033488, -754.7454120699409], 'mode_amplitudes': [0.005142575710812271, 0.0042455486476903935, 9.050959738173215e-06, 9.050959738173072e-06, 9.582379003386405e-06], 'r_squared': np.float64(0.6949617571554059), 'n_modes': 5}, 'fourier': {'growth_rate': np.float64(16.481874830227262), 'dominant_frequency': np.float64(340.0), 'r_squared': np.float64(0.6853994673015275), 'std_error': np.float64(1.1279800519399243)}}",55.51488442905728,0.07097982980714601
input_A0.3_nu2.15e-04_res256_output.npz,0.3,0.000215,256,67.4162704337119,0.00043653257342069607,0.9958666559348128,1.53557103970721,"[np.float64(0.011), np.float64(0.02)]",10,linear,"{'linear': {'growth_rate': np.float64(67.4162704337119), 'amplitude_0': np.float64(0.00043653257342069607), 'r_squared': np.float64(0.9958666559348128), 'std_error': np.float64(1.53557103970721), 'time_range': [np.float64(0.011), np.float64(0.02)], 'n_points': 10, 'method': 'linear', 'all_methods': {...}}, 'exponential': {'growth_rate': np.float64(18.13794736795983), 'amplitude_0': np.float64(0.001500076257406002), 'r_squared': np.float64(0.9491463296552931), 'std_error': np.float64(0.5167650210632388), 'time_range': [np.float64(0.005), np.float64(0.099)]}, 'dmd': {'growth_rate': np.float64(8.74313090467475), 'all_growth_rates': [8.74313090467475, -20.119038365976746, -36.549037205765416, -36.549037205765416, -73.02028356131439], 'mode_amplitudes': [0.00957540709137547, 0.008406827976708544, 1.481869079064727e-05, 1.481869079064717e-05, 3.6019397531540667e-06], 'r_squared': np.float64(0.8377229158439174), 'n_modes': 5}, 'fourier': {'growth_rate': np.float64(16.519890169800423), 'dominant_frequency': np.float64(280.0), 'r_squared': np.float64(0.6829747527673791), 'std_error': np.float64(1.1369430676208359)}}",43.001644572073666,0.5677602823007774
input_A0.3_nu1.00e-04_res256_output.npz,0.3,0.0001,256,73.03495416189176,0.00031616032282004534,0.9868856288946795,2.976638465697546,"[np.float64(0.01), np.float64(0.019)]",10,linear,"{'linear': {'growth_rate': np.float64(73.03495416189176), 'amplitude_0': np.float64(0.00031616032282004534), 'r_squared': np.float64(0.9868856288946795), 'std_error': np.float64(2.976638465697546), 'time_range': [np.float64(0.01), np.float64(0.019)], 'n_points': 10, 'method': 'linear', 'all_methods': {...}}, 'exponential': {'growth_rate': np.float64(18.033962019267072), 'amplitude_0': np.float64(0.0011632411587370194), 'r_squared': np.float64(0.9493364119993569), 'std_error': np.float64(0.5117105332050016), 'time_range': [np.float64(0.005), np.float64(0.099)]}, 'dmd': {'growth_rate': np.float64(11.561595075226158), 'all_growth_rates': [11.561595075226158, -23.296068155004036, -90.32215267422634, -90.32215267422634, -99.32341210116033], 'mode_amplitudes': [0.006135998644154539, 0.005233760793973278, 8.654278951012206e-06, 8.654278951012158e-06, 1.6062748811407178e-05], 'r_squared': np.float64(0.9090856919303407), 'n_modes': 5}, 'fourier': {'growth_rate': np.float64(16.441351721486367), 'dominant_frequency': np.float64(160.0), 'r_squared': np.float64(0.6849920162533619), 'std_error': np.float64(1.1262699784950796)}}",43.001644572073666,0.6984223484634463
input_A0.9_nu2.15e-06_res256_output.npz,0.9,2.15e-06,256,41.64380939811826,0.0002684382396718266,0.9841231146371683,1.8700938192568826,"[np.float64(0.019), np.float64(0.028)]",10,linear,"{'linear': {'growth_rate': np.float64(41.64380939811826), 'amplitude_0': np.float64(0.0002684382396718266), 'r_squared': np.float64(0.9841231146371683), 'std_error': np.float64(1.8700938192568826), 'time_range': [np.float64(0.019), np.float64(0.028)], 'n_points': 10, 'method': 'linear', 'all_methods': {...}}, 'exponential': {'growth_rate': np.float64(18.573605304651963), 'amplitude_0': np.float64(0.0005372000480305207), 'r_squared': np.float64(0.9358051892674552), 'std_error': np.float64(0.6050471380560686), 'time_range': [np.float64(0.005), np.float64(0.099)]}, 'dmd': {'growth_rate': np.float64(13.651120377292397), 'all_growth_rates': [13.651120377292397, -65.53418010885625, -254.74331534439128, -254.74331534439128, -2095.202797691731], 'mode_amplitudes': [0.00024539323704445476, 0.00012133102310933943, 2.798103123940223e-06, 2.798103123940221e-06, 7.353912639647012e-07], 'r_squared': np.float64(-2.495944256496298), 'n_modes': 5}, 'fourier': {'growth_rate': np.float64(17.219278012149076), 'dominant_frequency': np.float64(50.0), 'r_squared': np.float64(0.6111277595450945), 'std_error': np.float64(1.3875203632966069)}}",74.48103320785002,0.4408803475925847
input_A0.7_nu2.15e-06_res256_output.npz,0.7,2.15e-06,256,47.69881645177456,0.00020475365093679653,0.9938540964185433,1.3261546267651887,"[np.float64(0.017), np.float64(0.026000000000000002)]",10,linear,"{'linear': {'growth_rate': np.float64(47.69881645177456), 'amplitude_0': np.float64(0.00020475365093679653), 'r_squared': np.float64(0.9938540964185433), 'std_error': np.float64(1.3261546267651887), 'time_range': [np.float64(0.017), np.float64(0.026000000000000002)], 'n_points': 10, 'method': 'linear', 'all_methods': {...}}, 'exponential': {'growth_rate': np.float64(18.435175485076076), 'amplitude_0': np.float64(0.0004788084954319044), 'r_squared': np.float64(0.9317657796247287), 'std_error': np.float64(0.6204039483026357), 'time_range': [np.float64(0.005), np.float64(0.099)]}, 'dmd': {'growth_rate': np.float64(15.680192618107315), 'all_growth_rates': [-126.57485195465514, -126.57485195465514, 15.680192618107315, -248.18230831748642, -248.18230831748642], 'mode_amplitudes': [1.0102601054739017e-06, 1.0102601054738382e-06, 0.00015109557646471487, 2.4631694066021174e-05, 2.463169406602121e-05], 'r_squared': np.float64(-2.6385163611228166), 'n_modes': 5}, 'fourier': {'growth_rate': np.float64(17.233491539468385), 'dominant_frequency': np.float64(10.0), 'r_squared': np.float64(0.6110438790707763), 'std_error': np.float64(1.388910763572028)}}",65.68609708637149,0.2738369522997419
input_A0.1_nu1.00e-05_res256_output.npz,0.1,1e-05,256,78.65328098759632,7.68206551388991e-05,0.9920609580270326,2.487635351970717,"[np.float64(0.009000000000000001), np.float64(0.018000000000000002)]",10,linear,"{'linear': {'growth_rate': np.float64(78.65328098759632), 'amplitude_0': np.float64(7.68206551388991e-05), 'r_squared': np.float64(0.9920609580270326), 'std_error': np.float64(2.487635351970717), 'time_range': [np.float64(0.009000000000000001), np.float64(0.018000000000000002)], 'n_points': 10, 'method': 'linear', 'all_methods': {...}}, 'exponential': {'growth_rate': np.float64(18.08005492887434), 'amplitude_0': np.float64(0.0003102635296649057), 'r_squared': np.float64(0.9484434187104867), 'std_error': np.float64(0.5184915544479454), 'time_range': [np.float64(0.005), np.float64(0.099)]}, 'dmd': {'growth_rate': np.float64(4.375243037908229), 'all_growth_rates': [-135.34061346141021, 4.375243037908229, -11.370950820593807, -304.3059245561139, -304.3059245561139], 'mode_amplitudes': [5.882435883004716e-06, 0.0033505997763365047, 0.003106128081017728, 1.4665517842569158e-06, 1.4665517842575555e-06], 'r_squared': np.float64(0.8029146790487482), 'n_modes': 5}, 'fourier': {'growth_rate': np.float64(16.537537334839012), 'dominant_frequency': np.float64(150.0), 'r_squared': np.float64(0.685243633792194), 'std_error': np.float64(1.1321984513204653)}}",24.82701106928334,2.168052761893207
input_A0.9_nu1.00e-06_res256_output.npz,0.9,1e-06,256,137.67146235427893,2.5357941223578777e-05,0.9875472115670505,5.465794551198538,"[np.float64(0.002), np.float64(0.011)]",10,linear,"{'linear': {'growth_rate': np.float64(137.67146235427893), 'amplitude_0': np.float64(2.5357941223578777e-05), 'r_squared': np.float64(0.9875472115670505), 'std_error': np.float64(5.465794551198538), 'time_range': [np.float64(0.002), np.float64(0.011)], 'n_points': 10, 'method': 'linear', 'all_methods': {...}}, 'exponential': {'growth_rate': np.float64(19.823414987258897), 'amplitude_0': np.float64(0.00037394312721360977), 'r_squared': np.float64(0.9045628803376002), 'std_error': np.float64(0.8239620396666493), 'time_range': [np.float64(0.005), np.float64(0.099)]}, 'dmd': {'growth_rate': np.float64(14.942585903913042), 'all_growth_rates': [-176.75287350571205, -176.75287350571205, 14.942585903913042, -212.9445800788634, -212.9445800788634], 'mode_amplitudes': [6.195276003993919e-06, 6.195276003993943e-06, 0.00025905609151657933, 7.315300276667684e-05, 7.315300276667686e-05], 'r_squared': np.float64(-1.6877508788288336), 'n_modes': 5}, 'fourier': {'growth_rate': np.float64(18.115449566849026), 'dominant_frequency': np.float64(30.0), 'r_squared': np.float64(0.5397545030659109), 'std_error': np.float64(1.6897899208555074)}}",74.48103320785002,0.8484096745823456
input_A0.7_nu1.00e-06_res256_output.npz,0.7,1e-06,256,98.30914537631142,2.908419601718962e-05,0.9885216458243461,3.7453779211509888,"[np.float64(0.004), np.float64(0.013000000000000001)]",10,linear,"{'linear': {'growth_rate': np.float64(98.30914537631142), 'amplitude_0': np.float64(2.908419601718962e-05), 'r_squared': np.float64(0.9885216458243461), 'std_error': np.float64(3.7453779211509888), 'time_range': [np.float64(0.004), np.float64(0.013000000000000001)], 'n_points': 10, 'method': 'linear', 'all_methods': {...}}, 'exponential': {'growth_rate': np.float64(19.904434159402395), 'amplitude_0': np.float64(0.0003264110250654716), 'r_squared': np.float64(0.9011802545868257), 'std_error': np.float64(0.8448216741680117), 'time_range': [np.float64(0.005), np.float64(0.099)]}, 'dmd': {'growth_rate': np.float64(-355.43409540140635), 'all_growth_rates': [14.299305685382974, -218.35032156866401, -218.35032156866401, -355.43409540140635, -355.43409540140635], 'mode_amplitudes': [0.00023792241862539656, 6.8791323379465794e-06, 6.879132337946547e-06, 0.00033054455887825465, 0.00033054455887825455], 'r_squared': np.float64(-1.6563554868268207), 'n_modes': 5}, 'fourier': {'growth_rate': np.float64(18.24764500141167), 'dominant_frequency': np.float64(20.0), 'r_squared': np.float64(0.5305777246655369), 'std_error': np.float64(1.733808493539713)}}",65.68609708637149,0.4966507333666585
input_A0.1_nu2.15e-05_res256_output.npz,0.1,2.15e-05,256,60.61909722988821,0.00013130224564283317,0.9925501952791072,1.856780967019745,"[np.float64(0.013000000000000001), np.float64(0.022)]",10,linear,"{'linear': {'growth_rate': np.float64(60.61909722988821), 'amplitude_0': np.float64(0.00013130224564283317), 'r_squared': np.float64(0.9925501952791072), 'std_error': np.float64(1.856780967019745), 'time_range': [np.float64(0.013000000000000001), np.float64(0.022)], 'n_points': 10, 'method': 'linear', 'all_methods': {...}}, 'exponential': {'growth_rate': np.float64(18.20084435722386), 'amplitude_0': np.float64(0.00039823581203604326), 'r_squared': np.float64(0.9513229358495576), 'std_error': np.float64(0.5065009160956586), 'time_range': [np.float64(0.005), np.float64(0.099)]}, 'dmd': {'growth_rate': np.float64(8.650533604310727), 'all_growth_rates': [8.650533604310727, -18.790825980892407, -36.680864958152554, -36.680864958152554, -466.50515025135934], 'mode_amplitudes': [0.002628374022274925, 0.002310224195917, 2.9855224969870597e-06, 2.9855224969871546e-06, 3.6494466153028917e-06], 'r_squared': np.float64(0.8477362351392863), 'n_modes': 5}, 'fourier': {'growth_rate': np.float64(16.513743150533312), 'dominant_frequency': np.float64(260.0), 'r_squared': np.float64(0.6841888875215507), 'std_error': np.float64(1.1333346927632377)}}",24.82701106928334,1.4416590889947207
input_A0.9_nu4.64e-04_res256_output.npz,0.9,0.000464,256,65.82661021932502,0.001011349598459256,0.9879102733125981,2.574577612636813,"[np.float64(0.011), np.float64(0.02)]",10,linear,"{'linear': {'growth_rate': np.float64(65.82661021932502), 'amplitude_0': np.float64(0.001011349598459256), 'r_squared': np.float64(0.9879102733125981), 'std_error': np.float64(2.574577612636813), 'time_range': [np.float64(0.011), np.float64(0.02)], 'n_points': 10, 'method': 'linear', 'all_methods': {...}}, 'exponential': {'growth_rate': np.float64(17.88852327635943), 'amplitude_0': np.float64(0.003386368491343564), 'r_squared': np.float64(0.9455752796407161), 'std_error': np.float64(0.5274998514480003), 'time_range': [np.float64(0.005), np.float64(0.099)]}, 'dmd': {'growth_rate': np.float64(4.464558742800081), 'all_growth_rates': [4.464558742800081, -11.235329625904772, -71.24209433594017, -71.24209433594017, -47.120695427855466], 'mode_amplitudes': [0.03785096498930072, 0.03527375860018905, 3.865436087116613e-05, 3.865436087116617e-05, 1.6814994589475535e-05], 'r_squared': np.float64(0.8697683790664903), 'n_modes': 5}, 'fourier': {'growth_rate': np.float64(16.52269072132077), 'dominant_frequency': np.float64(10.0), 'r_squared': np.float64(0.6881873346517117), 'std_error': np.float64(1.1234694665970448)}}",74.48103320785002,0.11619633369442646
input_A0.7_nu4.64e-04_res256_output.npz,0.7,0.000464,256,65.99515773245335,0.0008893026318829565,0.985002950937892,2.8790633298604504,"[np.float64(0.011), np.float64(0.02)]",10,linear,"{'linear': {'growth_rate': np.float64(65.99515773245335), 'amplitude_0': np.float64(0.0008893026318829565), 'r_squared': np.float64(0.985002950937892), 'std_error': np.float64(2.8790633298604504), 'time_range': [np.float64(0.011), np.float64(0.02)], 'n_points': 10, 'method': 'linear', 'all_methods': {...}}, 'exponential': {'growth_rate': np.float64(18.150440353813597), 'amplitude_0': np.float64(0.0029443201752845298), 'r_squared': np.float64(0.9521449714437604), 'std_error': np.float64(0.49974255800268785), 'time_range': [np.float64(0.005), np.float64(0.099)]}, 'dmd': {'growth_rate': np.float64(15.0443323082068), 'all_growth_rates': [15.0443323082068, -39.23331975791839, -50.571975953894565, -50.571975953894565, -35.17076362796645], 'mode_amplitudes': [0.011076847497955403, 0.00880544467268156, 1.7827268269758706e-05, 1.7827268269758608e-05, 1.824813484650391e-05], 'r_squared': np.float64(0.8624977180300692), 'n_modes': 5}, 'fourier': {'growth_rate': np.float64(16.37618695645911), 'dominant_frequency': np.float64(480.0), 'r_squared': np.float64(0.6803974636462063), 'std_error': np.float64(1.133766225844835)}}",65.68609708637149,0.004705115082046552
input_A0.9_nu1.00e-03_res256_output.npz,0.9,0.001,256,69.89352438119492,0.0012260985589759678,0.9901905853441259,2.459541172352445,"[np.float64(0.01), np.float64(0.019)]",10,linear,"{'linear': {'growth_rate': np.float64(69.89352438119492), 'amplitude_0': np.float64(0.0012260985589759678), 'r_squared': np.float64(0.9901905853441259), 'std_error': np.float64(2.459541172352445), 'time_range': [np.float64(0.01), np.float64(0.019)], 'n_points': 10, 'method': 'linear', 'all_methods': {...}}, 'exponential': {'growth_rate': np.float64(18.018957233021517), 'amplitude_0': np.float64(0.004330637034019086), 'r_squared': np.float64(0.9470123810073294), 'std_error': np.float64(0.5242040735887764), 'time_range': [np.float64(0.005), np.float64(0.099)]}, 'dmd': {'growth_rate': np.float64(10.312101878208916), 'all_growth_rates': [10.312101878208916, -35.66825905047917, -99.4392180312663, -99.4392180312663, -299.73069601908526], 'mode_amplitudes': [0.01879532703962842, 0.015505779353411756, 5.79889024136883e-05, 5.798890241368796e-05, 5.9768799224677326e-06], 'r_squared': np.float64(0.5533835474516201), 'n_modes': 5}, 'fourier': {'growth_rate': np.float64(16.528821099019137), 'dominant_frequency': np.float64(220.0), 'r_squared': np.float64(0.6878140720056862), 'std_error': np.float64(1.1248638871678631)}}",74.48103320785002,0.061592980508916866
input_A0.7_nu1.00e-03_res256_output.npz,0.7,0.001,256,38.20950330399285,0.002014935824638515,0.985011339450437,1.666430461683748,"[np.float64(0.021), np.float64(0.03)]",10,linear,"{'linear': {'growth_rate': np.float64(38.20950330399285), 'amplitude_0': np.float64(0.002014935824638515), 'r_squared': np.float64(0.985011339450437), 'std_error': np.float64(1.666430461683748), 'time_range': [np.float64(0.021), np.float64(0.03)], 'n_points': 10, 'method': 'linear', 'all_methods': {...}}, 'exponential': {'growth_rate': np.float64(18.107617285379543), 'amplitude_0': np.float64(0.0038043042349845007), 'r_squared': np.float64(0.951327719673603), 'std_error': np.float64(0.5031356138353611), 'time_range': [np.float64(0.005), np.float64(0.099)]}, 'dmd': {'growth_rate': np.float64(12.547396725921404), 'all_growth_rates': [12.547396725921404, -35.280493448982256, -241.44505044627698, -241.44505044627698, -1521.760043662011], 'mode_amplitudes': [0.015784646734479844, 0.012853467460153731, 2.9413368692002104e-05, 2.9413368692002165e-05, 2.3704716536329445e-05], 'r_squared': np.float64(0.7447610270374582), 'n_modes': 5}, 'fourier': {'growth_rate': np.float64(16.434241971690753), 'dominant_frequency': np.float64(370.0), 'r_squared': np.float64(0.684461069675637), 'std_error': np.float64(1.127168226061265)}}",65.68609708637149,0.41830151281860023
input_A0.1_nu1.00e-04_res256_output.npz,0.1,0.0001,256,92.9112116459544,0.0001420267008043582,0.9839859978928517,4.1906231869023935,"[np.float64(0.007), np.float64(0.016)]",10,linear,"{'linear': {'growth_rate': np.float64(92.9112116459544), 'amplitude_0': np.float64(0.0001420267008043582), 'r_squared': np.float64(0.9839859978928517), 'std_error': np.float64(4.1906231869023935), 'time_range': [np.float64(0.007), np.float64(0.016)], 'n_points': 10, 'method': 'linear', 'all_methods': {...}}, 'exponential': {'growth_rate': np.float64(18.12115574034071), 'amplitude_0': np.float64(0.0006682777723857317), 'r_squared': np.float64(0.9508510204440266), 'std_error': np.float64(0.5062949596937804), 'time_range': [np.float64(0.005), np.float64(0.099)]}, 'dmd': {'growth_rate': np.float64(12.305978295507483), 'all_growth_rates': [12.305978295507483, -46.425526347512175, -318.72718776743744, -318.72718776743744, -339.9425574089227], 'mode_amplitudes': [0.002343146179514495, 0.001831918848608492, 1.2603655493300521e-05, 1.2603655493300451e-05, 1.7651344284219254e-05], 'r_squared': np.float64(0.4424394455969498), 'n_modes': 5}, 'fourier': {'growth_rate': np.float64(16.411937235526764), 'dominant_frequency': np.float64(240.0), 'r_squared': np.float64(0.6812395376463836), 'std_error': np.float64(1.1340419258799186)}}",24.82701106928334,2.742343828126242
input_A0.1_nu2.15e-04_res256_output.npz,0.1,0.000215,256,53.94600379125782,0.0003207484841096258,0.9944967430076083,1.4188043114732247,"[np.float64(0.015), np.float64(0.024)]",10,linear,"{'linear': {'growth_rate': np.float64(53.94600379125782), 'amplitude_0': np.float64(0.0003207484841096258), 'r_squared': np.float64(0.9944967430076083), 'std_error': np.float64(1.4188043114732247), 'time_range': [np.float64(0.015), np.float64(0.024)], 'n_points': 10, 'method': 'linear', 'all_methods': {...}}, 'exponential': {'growth_rate': np.float64(18.143753816776066), 'amplitude_0': np.float64(0.0008595499233068807), 'r_squared': np.float64(0.950705235603096), 'std_error': np.float64(0.5080705517846531), 'time_range': [np.float64(0.005), np.float64(0.099)]}, 'dmd': {'growth_rate': np.float64(8.617945758860984), 'all_growth_rates': [8.617945758860984, -19.850754760828057, -131.52097454013938, -131.52097454013938, -222.22151946122722], 'mode_amplitudes': [0.00555133305134149, 0.0048799065117963985, 3.0544730403906547e-06, 3.0544730403906806e-06, 1.1677432115925809e-06], 'r_squared': np.float64(0.8355612312002921), 'n_modes': 5}, 'fourier': {'growth_rate': np.float64(16.508916475334708), 'dominant_frequency': np.float64(260.0), 'r_squared': np.float64(0.6862598371880506), 'std_error': np.float64(1.1275772365470436)}}",24.82701106928334,1.1728754879398793
input_A0.9_nu4.64e-05_res256_output.npz,0.9,4.64e-05,256,27.337868568822895,0.0011396083952188315,0.9925779970854773,0.8357913962306768,"[np.float64(0.032), np.float64(0.041)]",10,linear,"{'linear': {'growth_rate': np.float64(27.337868568822895), 'amplitude_0': np.float64(0.0011396083952188315), 'r_squared': np.float64(0.9925779970854773), 'std_error': np.float64(0.8357913962306768), 'time_range': [np.float64(0.032), np.float64(0.041)], 'n_points': 10, 'method': 'linear', 'all_methods': {...}}, 'exponential': {'growth_rate': np.float64(18.032553882109188), 'amplitude_0': np.float64(0.0015615185022359902), 'r_squared': np.float64(0.9486170069689223), 'std_error': np.float64(0.5157974727267974), 'time_range': [np.float64(0.005), np.float64(0.099)]}, 'dmd': {'growth_rate': np.float64(12.499639384740032), 'all_growth_rates': [12.499639384740032, -29.499322451163593, -362.7057366386589, -362.7057366386589, -3194.334877602082], 'mode_amplitudes': [0.0072020542856158845, 0.006009497205655058, 2.725203956137396e-05, 2.7252039561373362e-05, 2.8672594063195943e-05], 'r_squared': np.float64(0.8700727759979651), 'n_modes': 5}, 'fourier': {'growth_rate': np.float64(16.470204982048283), 'dominant_frequency': np.float64(240.0), 'r_squared': np.float64(0.684717350883935), 'std_error': np.float64(1.128964628644303)}}",74.48103320785002,0.6329552989345267
input_A0.7_nu4.64e-05_res256_output.npz,0.7,4.64e-05,256,37.26070339478714,0.0007348371978536614,0.9931584722816538,1.0933855376892332,"[np.float64(0.022), np.float64(0.031)]",10,linear,"{'linear': {'growth_rate': np.float64(37.26070339478714), 'amplitude_0': np.float64(0.0007348371978536614), 'r_squared': np.float64(0.9931584722816538), 'std_error': np.float64(1.0933855376892332), 'time_range': [np.float64(0.022), np.float64(0.031)], 'n_points': 10, 'method': 'linear', 'all_methods': {...}}, 'exponential': {'growth_rate': np.float64(18.140856356842953), 'amplitude_0': np.float64(0.0013660564266290917), 'r_squared': np.float64(0.9493646033177725), 'std_error': np.float64(0.515335723000016), 'time_range': [np.float64(0.005), np.float64(0.099)]}, 'dmd': {'growth_rate': np.float64(13.115988597439793), 'all_growth_rates': [13.115988597439793, -32.016108623897544, -27.391818069718266, -27.391818069718266, -97.4553691609852], 'mode_amplitudes': [0.00583042454154897, 0.004765488584360944, 1.3285363748988931e-05, 1.3285363748988979e-05, 2.338000281084377e-05], 'r_squared': np.float64(0.8289815353671351), 'n_modes': 5}, 'fourier': {'growth_rate': np.float64(16.469663619204947), 'dominant_frequency': np.float64(250.0), 'r_squared': np.float64(0.6805877252226444), 'std_error': np.float64(1.1397390701207206)}}",65.68609708637149,0.43274596836233753
input_A0.1_nu4.64e-06_res256_output.npz,0.1,4.64e-06,256,76.37962970797098,6.193079388535172e-05,0.9901656786041537,2.6912300252973904,"[np.float64(0.009000000000000001), np.float64(0.018000000000000002)]",10,linear,"{'linear': {'growth_rate': np.float64(76.37962970797098), 'amplitude_0': np.float64(6.193079388535172e-05), 'r_squared': np.float64(0.9901656786041537), 'std_error': np.float64(2.6912300252973904), 'time_range': [np.float64(0.009000000000000001), np.float64(0.018000000000000002)], 'n_points': 10, 'method': 'linear', 'all_methods': {...}}, 'exponential': {'growth_rate': np.float64(18.096667977869313), 'amplitude_0': np.float64(0.00023946173817087954), 'r_squared': np.float64(0.9485975726457753), 'std_error': np.float64(0.5183305145017283), 'time_range': [np.float64(0.005), np.float64(0.099)]}, 'dmd': {'growth_rate': np.float64(9.665413078367141), 'all_growth_rates': [9.665413078367141, -19.347604187604198, -114.9430882770029, -114.9430882770029, -118.51888021656437], 'mode_amplitudes': [0.0014224765461942216, 0.0012573053334535482, 1.4065741543503918e-06, 1.4065741543504163e-06, 1.919276119770269e-05], 'r_squared': np.float64(0.8285331556278237), 'n_modes': 5}, 'fourier': {'growth_rate': np.float64(16.531800385813103), 'dominant_frequency': np.float64(100.0), 'r_squared': np.float64(0.6828606357728546), 'std_error': np.float64(1.1380626001064609)}}",24.82701106928334,2.0764730194392973
input_A0.7_nu2.15e-04_res256_output.npz,0.7,0.000215,256,67.16120732519613,0.0006743902464354469,0.9874177868072733,2.6804119649370244,"[np.float64(0.011), np.float64(0.02)]",10,linear,"{'linear': {'growth_rate': np.float64(67.16120732519613), 'amplitude_0': np.float64(0.0006743902464354469), 'r_squared': np.float64(0.9874177868072733), 'std_error': np.float64(2.6804119649370244), 'time_range': [np.float64(0.011), np.float64(0.02)], 'n_points': 10, 'method': 'linear', 'all_methods': {...}}, 'exponential': {'growth_rate': np.float64(17.926837068622607), 'amplitude_0': np.float64(0.0023033641204113003), 'r_squared': np.float64(0.9466363306953371), 'std_error': np.float64(0.5228864199517522), 'time_range': [np.float64(0.005), np.float64(0.099)]}, 'dmd': {'growth_rate': np.float64(10.44198159802338), 'all_growth_rates': [10.44198159802338, -29.76579162972582, -130.97103751401085, -169.53825415738586, -169.53825415738586], 'mode_amplitudes': [0.010812960210793277, 0.009068875983313131, 8.471442955800261e-06, 1.994253277191735e-05, 1.994253277191753e-05], 'r_squared': np.float64(0.6846689103575021), 'n_modes': 5}, 'fourier': {'growth_rate': np.float64(16.47645431214687), 'dominant_frequency': np.float64(240.0), 'r_squared': np.float64(0.6858679943479702), 'std_error': np.float64(1.1263841887293118)}}",65.68609708637149,0.022456962801199767
input_A0.9_nu2.15e-04_res256_output.npz,0.9,0.000215,256,90.35929886986564,0.0005643873009728417,0.9886385356854911,3.4247292733136114,"[np.float64(0.007), np.float64(0.016)]",10,linear,"{'linear': {'growth_rate': np.float64(90.35929886986564), 'amplitude_0': np.float64(0.0005643873009728417), 'r_squared': np.float64(0.9886385356854911), 'std_error': np.float64(3.4247292733136114), 'time_range': [np.float64(0.007), np.float64(0.016)], 'n_points': 10, 'method': 'linear', 'all_methods': {...}}, 'exponential': {'growth_rate': np.float64(18.11251767286006), 'amplitude_0': np.float64(0.0025867420116010686), 'r_squared': np.float64(0.9505166707364652), 'std_error': np.float64(0.5079704668238888), 'time_range': [np.float64(0.005), np.float64(0.099)]}, 'dmd': {'growth_rate': np.float64(11.628680620768241), 'all_growth_rates': [-112.81553379212794, 11.628680620768241, -34.49392201086223, -61.16546856666169, -61.16546856666169], 'mode_amplitudes': [4.706264577261137e-05, 0.010994746523963747, 0.008990084564605788, 1.2214909133263823e-05, 1.2214909133263128e-05], 'r_squared': np.float64(0.6708238820526993), 'n_modes': 5}, 'fourier': {'growth_rate': np.float64(16.480688034060588), 'dominant_frequency': np.float64(120.0), 'r_squared': np.float64(0.6848894301757363), 'std_error': np.float64(1.129232982240946)}}",74.48103320785002,0.2131853571056814
input_A0.7_nu1.00e-04_res256_output.npz,0.7,0.0001,256,44.52365589814647,0.0007932041459553687,0.9964478474854426,0.939862538489579,"[np.float64(0.02), np.float64(0.029)]",10,linear,"{'linear': {'growth_rate': np.float64(44.52365589814647), 'amplitude_0': np.float64(0.0007932041459553687), 'r_squared': np.float64(0.9964478474854426), 'std_error': np.float64(0.939862538489579), 'time_range': [np.float64(0.02), np.float64(0.029)], 'n_points': 10, 'method': 'linear', 'all_methods': {...}}, 'exponential': {'growth_rate': np.float64(18.23258438791885), 'amplitude_0': np.float64(0.0017471476823243733), 'r_squared': np.float64(0.9520395543685298), 'std_error': np.float64(0.5033707865400694), 'time_range': [np.float64(0.005), np.float64(0.099)]}, 'dmd': {'growth_rate': np.float64(6.353981106243638), 'all_growth_rates': [-66.18075905345789, -66.18075905345789, 6.353981106243638, -14.942161332443167, -652.9163502302426], 'mode_amplitudes': [2.003029811472526e-05, 2.003029811472486e-05, 0.014296871367110551, 0.012919220913636792, 8.341658381536006e-05], 'r_squared': np.float64(0.795068842853204), 'n_modes': 5}, 'fourier': {'growth_rate': np.float64(16.46997379498108), 'dominant_frequency': np.float64(140.0), 'r_squared': np.float64(0.6823041943816176), 'std_error': np.float64(1.135263278641932)}}",65.68609708637149,0.3221753480100706
input_A0.9_nu1.00e-04_res256_output.npz,0.9,0.0001,256,79.00515892611594,0.0004990837600736103,0.9948677263288789,2.006239096765173,"[np.float64(0.009000000000000001), np.float64(0.018000000000000002)]",10,linear,"{'linear': {'growth_rate': np.float64(79.00515892611594), 'amplitude_0': np.float64(0.0004990837600736103), 'r_squared': np.float64(0.9948677263288789), 'std_error': np.float64(2.006239096765173), 'time_range': [np.float64(0.009000000000000001), np.float64(0.018000000000000002)], 'n_points': 10, 'method': 'linear', 'all_methods': {...}}, 'exponential': {'growth_rate': np.float64(18.217383323951566), 'amplitude_0': np.float64(0.0019919291724496847), 'r_squared': np.float64(0.9512660201055787), 'std_error': np.float64(0.5071103665642583), 'time_range': [np.float64(0.005), np.float64(0.099)]}, 'dmd': {'growth_rate': np.float64(11.81607472384284), 'all_growth_rates': [11.81607472384284, -34.97449817128129, -32.290223732500294, -99.1786211446002, -99.1786211446002], 'mode_amplitudes': [0.008230040444996714, 0.006694369177046269, 2.0485832701352117e-06, 1.7601744377126476e-05, 1.76017443771263e-05], 'r_squared': np.float64(0.6357666882975475), 'n_modes': 5}, 'fourier': {'growth_rate': np.float64(16.459494387087762), 'dominant_frequency': np.float64(480.0), 'r_squared': np.float64(0.6815443911035052), 'std_error': np.float64(1.1365298052896158)}}",74.48103320785002,0.0607419838771664
input_A0.7_nu4.64e-06_res256_output.npz,0.7,4.64e-06,256,54.16714519957321,0.00023166772618126726,0.9973840139452071,0.9807932415955724,"[np.float64(0.014), np.float64(0.023)]",10,linear,"{'linear': {'growth_rate': np.float64(54.16714519957321), 'amplitude_0': np.float64(0.00023166772618126726), 'r_squared': np.float64(0.9973840139452071), 'std_error': np.float64(0.9807932415955724), 'time_range': [np.float64(0.014), np.float64(0.023)], 'n_points': 10, 'method': 'linear', 'all_methods': {...}}, 'exponential': {'growth_rate': np.float64(18.15991689561199), 'amplitude_0': np.float64(0.0006325498062135963), 'r_squared': np.float64(0.9472106475229721), 'std_error': np.float64(0.5280050261626034), 'time_range': [np.float64(0.005), np.float64(0.099)]}, 'dmd': {'growth_rate': np.float64(10.051815911411992), 'all_growth_rates': [10.051815911411992, -49.69779841643616, -156.39919191233187, -156.39919191233187, -2082.4112496995995], 'mode_amplitudes': [0.002480132036548517, 0.0021599340584819624, 6.62618483092711e-05, 6.626184830927102e-05, 0.00012046285900332279], 'r_squared': np.float64(0.3542573605579553), 'n_modes': 5}, 'fourier': {'growth_rate': np.float64(16.678656525842996), 'dominant_frequency': np.float64(50.0), 'r_squared': np.float64(0.6854294122960909), 'std_error': np.float64(1.1413680620659497)}}",65.68609708637149,0.17536362179734716
input_A0.9_nu4.64e-06_res256_output.npz,0.9,4.64e-06,256,74.54922981264376,0.00018761138932363487,0.9975540116663172,1.3051401450505766,"[np.float64(0.009000000000000001), np.float64(0.018000000000000002)]",10,linear,"{'linear': {'growth_rate': np.float64(74.54922981264376), 'amplitude_0': np.float64(0.00018761138932363487), 'r_squared': np.float64(0.9975540116663172), 'std_error': np.float64(1.3051401450505766), 'time_range': [np.float64(0.009000000000000001), np.float64(0.018000000000000002)], 'n_points': 10, 'method': 'linear', 'all_methods': {...}}, 'exponential': {'growth_rate': np.float64(18.142674603736612), 'amplitude_0': np.float64(0.0007193284402385052), 'r_squared': np.float64(0.9476669572860799), 'std_error': np.float64(0.5251318109419593), 'time_range': [np.float64(0.005), np.float64(0.099)]}, 'dmd': {'growth_rate': np.float64(10.486289691580112), 'all_growth_rates': [10.486289691580112, -39.87282893982078, -1026.9544598499112, -215.06858127119426, -215.06858127119426], 'mode_amplitudes': [0.0035641342157392126, 0.003227188895929545, 9.369368503358476e-05, 0.00014006029717251664, 0.00014006029717251623], 'r_squared': np.float64(0.7987609543541947), 'n_modes': 5}, 'fourier': {'growth_rate': np.float64(16.690752297290377), 'dominant_frequency': np.float64(470.0), 'r_squared': np.float64(0.684747367341261), 'std_error': np.float64(1.1440027001804327)}}",74.48103320785002,0.0009156237750277762
input_A0.1_nu4.64e-05_res256_output.npz,0.1,4.64e-05,256,85.48898057572664,0.00011918133858047182,0.9908419481145234,2.9057918571497603,"[np.float64(0.008), np.float64(0.017)]",10,linear,"{'linear': {'growth_rate': np.float64(85.48898057572664), 'amplitude_0': np.float64(0.00011918133858047182), 'r_squared': np.float64(0.9908419481145234), 'std_error': np.float64(2.9057918571497603), 'time_range': [np.float64(0.008), np.float64(0.017)], 'n_points': 10, 'method': 'linear', 'all_methods': {...}}, 'exponential': {'growth_rate': np.float64(18.077042838373842), 'amplitude_0': np.float64(0.0005181334602542494), 'r_squared': np.float64(0.9508566856395284), 'std_error': np.float64(0.5049260300658414), 'time_range': [np.float64(0.005), np.float64(0.099)]}, 'dmd': {'growth_rate': np.float64(12.70298012132557), 'all_growth_rates': [-1379.7115917766537, 12.70298012132557, -36.61927267048649, -84.5273590596969, -84.5273590596969], 'mode_amplitudes': [1.9946092753564725e-05, 0.0020841224870264707, 0.001688394216413442, 5.511204577827198e-06, 5.511204577827336e-06], 'r_squared': np.float64(0.7200898090827272), 'n_modes': 5}, 'fourier': {'growth_rate': np.float64(16.445161236715727), 'dominant_frequency': np.float64(160.0), 'r_squared': np.float64(0.6858562722098628), 'std_error': np.float64(1.1242754754213518)}}",24.82701106928334,2.443385929025341
input_A0.7_nu2.15e-05_res256_output.npz,0.7,2.15e-05,256,41.08430158119221,0.0005185781567218481,0.995332703916293,0.9946709957615105,"[np.float64(0.022), np.float64(0.031)]",10,linear,"{'linear': {'growth_rate': np.float64(41.08430158119221), 'amplitude_0': np.float64(0.0005185781567218481), 'r_squared': np.float64(0.995332703916293), 'std_error': np.float64(0.9946709957615105), 'time_range': [np.float64(0.022), np.float64(0.031)], 'n_points': 10, 'method': 'linear', 'all_methods': {...}}, 'exponential': {'growth_rate': np.float64(18.0311631773206), 'amplitude_0': np.float64(0.001063136866935001), 'r_squared': np.float64(0.9485340944982292), 'std_error': np.float64(0.5163297792594095), 'time_range': [np.float64(0.005), np.float64(0.099)]}, 'dmd': {'growth_rate': np.float64(12.426467512397052), 'all_growth_rates': [-1717.7765850195942, 12.426467512397052, -40.817211089885774, -76.23042892220563, -76.23042892220563], 'mode_amplitudes': [2.041448560873706e-05, 0.004086271079354751, 0.0032893897311122248, 6.387674470564159e-07, 6.387674470564805e-07], 'r_squared': np.float64(0.6265332910697581), 'n_modes': 5}, 'fourier': {'growth_rate': np.float64(16.48726909810482), 'dominant_frequency': np.float64(140.0), 'r_squared': np.float64(0.686029285714749), 'std_error': np.float64(1.1267016523668836)}}",65.68609708637149,0.37453580889164517
input_A0.9_nu2.15e-05_res256_output.npz,0.9,2.15e-05,256,82.46859137150219,0.00028416048485335575,0.992063556945063,2.607875096461446,"[np.float64(0.008), np.float64(0.017)]",10,linear,"{'linear': {'growth_rate': np.float64(82.46859137150219), 'amplitude_0': np.float64(0.00028416048485335575), 'r_squared': np.float64(0.992063556945063), 'std_error': np.float64(2.607875096461446), 'time_range': [np.float64(0.008), np.float64(0.017)], 'n_points': 10, 'method': 'linear', 'all_methods': {...}}, 'exponential': {'growth_rate': np.float64(18.171707718279222), 'amplitude_0': np.float64(0.0011982949526666402), 'r_squared': np.float64(0.9503476516023077), 'std_error': np.float64(0.510945208444745), 'time_range': [np.float64(0.005), np.float64(0.099)]}, 'dmd': {'growth_rate': np.float64(12.524122429759563), 'all_growth_rates': [12.524122429759563, -39.02037012629466, -128.57633307370457, -128.57633307370457, -3535.7286068803674], 'mode_amplitudes': [0.0047422535532237325, 0.003828470459821394, 1.5396513214043877e-05, 1.5396513214044026e-05, 1.5330503376949638e-06], 'r_squared': np.float64(0.6700782505248906), 'n_modes': 5}, 'fourier': {'growth_rate': np.float64(16.52329070723323), 'dominant_frequency': np.float64(420.0), 'r_squared': np.float64(0.6846709380115239), 'std_error': np.float64(1.1327251895588717)}}",74.48103320785002,0.10724284854322226
input_A0.1_nu1.00e-06_res256_output.npz,0.1,1e-06,256,30.076044416886415,9.619118980855786e-05,0.9874201380573581,1.2002250076600727,"[np.float64(0.027), np.float64(0.036000000000000004)]",10,linear,"{'linear': {'growth_rate': np.float64(30.076044416886415), 'amplitude_0': np.float64(9.619118980855786e-05), 'r_squared': np.float64(0.9874201380573581), 'std_error': np.float64(1.2002250076600727), 'time_range': [np.float64(0.027), np.float64(0.036000000000000004)], 'n_points': 10, 'method': 'linear', 'all_methods': {...}}, 'exponential': {'growth_rate': np.float64(19.8503447213177), 'amplitude_0': np.float64(0.0001240541582888131), 'r_squared': np.float64(0.895950351931602), 'std_error': np.float64(0.8681006939471406), 'time_range': [np.float64(0.005), np.float64(0.099)]}, 'dmd': {'growth_rate': np.float64(14.482070595559787), 'all_growth_rates': [14.482070595559787, -237.8847369370501, -237.8847369370501, -287.8745923508118, -614.7113449293938], 'mode_amplitudes': [0.00010024251331520366, 1.3256797286967272e-06, 1.3256797286967312e-06, 2.928910945619605e-05, 1.2606183705375503e-05], 'r_squared': np.float64(-1.54208740952412), 'n_modes': 5}, 'fourier': {'growth_rate': np.float64(18.18323795213133), 'dominant_frequency': np.float64(30.0), 'r_squared': np.float64(0.5135433916930735), 'std_error': np.float64(1.7876877552292376)}}",24.82701106928334,0.2114242964227507
input_A0.7_nu1.00e-05_res256_output.npz,0.7,1e-05,256,70.07874120447335,0.0002318185574250477,0.98955564016975,2.545435532837626,"[np.float64(0.01), np.float64(0.019)]",10,linear,"{'linear': {'growth_rate': np.float64(70.07874120447335), 'amplitude_0': np.float64(0.0002318185574250477), 'r_squared': np.float64(0.98955564016975), 'std_error': np.float64(2.545435532837626), 'time_range': [np.float64(0.01), np.float64(0.019)], 'n_points': 10, 'method': 'linear', 'all_methods': {...}}, 'exponential': {'growth_rate': np.float64(17.984117805485212), 'amplitude_0': np.float64(0.0008253621364212559), 'r_squared': np.float64(0.9464112081888845), 'std_error': np.float64(0.5261945076588554), 'time_range': [np.float64(0.005), np.float64(0.099)]}, 'dmd': {'growth_rate': np.float64(10.69956796193013), 'all_growth_rates': [10.69956796193013, -38.10590873624919, -223.66801781952168, -223.66801781952168, -3698.7932747278364], 'mode_amplitudes': [0.0035582893790109026, 0.002960818395055939, 2.1231304458939275e-05, 2.1231304458939248e-05, 2.971559705101576e-05], 'r_squared': np.float64(0.6076276410216712), 'n_modes': 5}, 'fourier': {'growth_rate': np.float64(16.55983285897653), 'dominant_frequency': np.float64(380.0), 'r_squared': np.float64(0.6889804454410255), 'std_error': np.float64(1.1239145945000666)}}",65.68609708637149,0.06687327018875718
input_A0.9_nu1.00e-05_res256_output.npz,0.9,1e-05,256,68.7085852554463,0.0002682681038887623,0.9882220636835037,2.651998906559427,"[np.float64(0.011), np.float64(0.02)]",10,linear,"{'linear': {'growth_rate': np.float64(68.7085852554463), 'amplitude_0': np.float64(0.0002682681038887623), 'r_squared': np.float64(0.9882220636835037), 'std_error': np.float64(2.651998906559427), 'time_range': [np.float64(0.011), np.float64(0.02)], 'n_points': 10, 'method': 'linear', 'all_methods': {...}}, 'exponential': {'growth_rate': np.float64(17.878373337678532), 'amplitude_0': np.float64(0.0009427071047597109), 'r_squared': np.float64(0.9453361654584866), 'std_error': np.float64(0.5282104079461937), 'time_range': [np.float64(0.005), np.float64(0.099)]}, 'dmd': {'growth_rate': np.float64(10.529450896576856), 'all_growth_rates': [10.529450896576856, -25.369467774529163, -54.60998057754077, -54.60998057754077, -107.41090455429261], 'mode_amplitudes': [0.005082691463376743, 0.004393362877350189, 9.964641439213593e-06, 9.964641439213607e-06, 1.5020417841374024e-05], 'r_squared': np.float64(0.8700642627676922), 'n_modes': 5}, 'fourier': {'growth_rate': np.float64(16.496243081014295), 'dominant_frequency': np.float64(390.0), 'r_squared': np.float64(0.6857768116855151), 'std_error': np.float64(1.127975656812657)}}",74.48103320785002,0.07750225398048492
input_A0.1_nu2.15e-06_res256_output.npz,0.1,2.15e-06,256,65.12858338879401,5.650326993950404e-05,0.990385794669565,2.2687212230705214,"[np.float64(0.012), np.float64(0.021)]",10,linear,"{'linear': {'growth_rate': np.float64(65.12858338879401), 'amplitude_0': np.float64(5.650326993950404e-05), 'r_squared': np.float64(0.990385794669565), 'std_error': np.float64(2.2687212230705214), 'time_range': [np.float64(0.012), np.float64(0.021)], 'n_points': 10, 'method': 'linear', 'all_methods': {...}}, 'exponential': {'growth_rate': np.float64(18.41341937809369), 'amplitude_0': np.float64(0.00018069416298825995), 'r_squared': np.float64(0.9374580222898629), 'std_error': np.float64(0.5898925335195621), 'time_range': [np.float64(0.005), np.float64(0.099)]}, 'dmd': {'growth_rate': np.float64(12.04187761695059), 'all_growth_rates': [-3500.2654430130538, 12.04187761695059, -56.61580171137928, -210.848323095789, -210.848323095789], 'mode_amplitudes': [4.7422671650859413e-07, 9.110454420848427e-05, 1.211690416358372e-05, 1.5881049852340806e-06, 1.5881049852340742e-06], 'r_squared': np.float64(-2.5455832469150854), 'n_modes': 5}, 'fourier': {'growth_rate': np.float64(16.945865843934662), 'dominant_frequency': np.float64(70.0), 'r_squared': np.float64(0.6264987332371222), 'std_error': np.float64(1.321711494674648)}}",24.82701106928334,1.6232953780478585
input_A0.1_nu1.00e-03_res256_output.npz,0.1,0.001,256,56.01884086195596,0.0005177443281946025,0.9876555844722954,2.2142243831452593,"[np.float64(0.014), np.float64(0.023)]",10,linear,"{'linear': {'growth_rate': np.float64(56.01884086195596), 'amplitude_0': np.float64(0.0005177443281946025), 'r_squared': np.float64(0.9876555844722954), 'std_error': np.float64(2.2142243831452593), 'time_range': [np.float64(0.014), np.float64(0.023)], 'n_points': 10, 'method': 'linear', 'all_methods': {...}}, 'exponential': {'growth_rate': np.float64(18.174841644845806), 'amplitude_0': np.float64(0.001432632761593127), 'r_squared': np.float64(0.9516720355076936), 'std_error': np.float64(0.503660881784432), 'time_range': [np.float64(0.005), np.float64(0.099)]}, 'dmd': {'growth_rate': np.float64(10.449673784229493), 'all_growth_rates': [10.449673784229493, -32.4646827560406, -171.85041633929416, -171.85041633929416, -52.40728370394281], 'mode_amplitudes': [0.006608749405252525, 0.005509119529186436, 2.513325728970755e-05, 2.513325728970732e-05, 1.691992425999271e-05], 'r_squared': np.float64(0.6478292915545478), 'n_modes': 5}, 'fourier': {'growth_rate': np.float64(16.50200812090122), 'dominant_frequency': np.float64(450.0), 'r_squared': np.float64(0.6862661019875346), 'std_error': np.float64(1.1270889906337807)}}",24.82701106928334,1.2563666929388857
input_A0.1_nu4.64e-04_res256_output.npz,0.1,0.000464,256,42.69780255279788,0.0005250670871071861,0.9958995699327319,0.9686512949294187,"[np.float64(0.02), np.float64(0.029)]",10,linear,"{'linear': {'growth_rate': np.float64(42.69780255279788), 'amplitude_0': np.float64(0.0005250670871071861), 'r_squared': np.float64(0.9958995699327319), 'std_error': np.float64(0.9686512949294187), 'time_range': [np.float64(0.02), np.float64(0.029)], 'n_points': 10, 'method': 'linear', 'all_methods': {...}}, 'exponential': {'growth_rate': np.float64(18.23489173741533), 'amplitude_0': np.float64(0.0011057710215999026), 'r_squared': np.float64(0.952874299253339), 'std_error': np.float64(0.4986552204819317), 'time_range': [np.float64(0.005), np.float64(0.099)]}, 'dmd': {'growth_rate': np.float64(12.998091203488949), 'all_growth_rates': [-162.2048148556205, -162.2048148556205, 12.998091203488949, -100.2305879387715, -259.4407891446219], 'mode_amplitudes': [1.5250094827737769e-05, 1.5250094827737835e-05, 0.002959945922365986, 0.002587310332699298, 0.0005016462078604198], 'r_squared': np.float64(0.0028854733625188755), 'n_modes': 5}, 'fourier': {'growth_rate': np.float64(16.483150226459447), 'dominant_frequency': np.float64(100.0), 'r_squared': np.float64(0.6848987595259649), 'std_error': np.float64(1.1293772771362756)}}",24.82701106928334,0.7198124427319716
